{
  "hash": "70732113",
  "browserHash": "b6f0f32c",
  "optimized": {
    "@angular/common": {
      "src": "../../../../../node_modules/@angular/common/fesm2022/common.mjs",
      "file": "@angular_common.js",
      "fileHash": "7b05d013",
      "needsInterop": false
    },
    "@angular/common/http": {
      "src": "../../../../../node_modules/@angular/common/fesm2022/http.mjs",
      "file": "@angular_common_http.js",
      "fileHash": "48c8cb51",
      "needsInterop": false
    },
    "@angular/core": {
      "src": "../../../../../node_modules/@angular/core/fesm2022/core.mjs",
      "file": "@angular_core.js",
      "fileHash": "47c842d5",
      "needsInterop": false
    },
    "@angular/forms": {
      "src": "../../../../../node_modules/@angular/forms/fesm2022/forms.mjs",
      "file": "@angular_forms.js",
      "fileHash": "c5971eb2",
      "needsInterop": false
    },
    "@angular/material/dialog": {
      "src": "../../../../../node_modules/@angular/material/fesm2022/dialog.mjs",
      "file": "@angular_material_dialog.js",
      "fileHash": "fb423937",
      "needsInterop": false
    },
    "@angular/material/form-field": {
      "src": "../../../../../node_modules/@angular/material/fesm2022/form-field.mjs",
      "file": "@angular_material_form-field.js",
      "fileHash": "cd8969ef",
      "needsInterop": false
    },
    "@angular/material/input": {
      "src": "../../../../../node_modules/@angular/material/fesm2022/input.mjs",
      "file": "@angular_material_input.js",
      "fileHash": "e03ecae5",
      "needsInterop": false
    },
    "@angular/platform-browser": {
      "src": "../../../../../node_modules/@angular/platform-browser/fesm2022/platform-browser.mjs",
      "file": "@angular_platform-browser.js",
      "fileHash": "20a86112",
      "needsInterop": false
    },
    "@angular/platform-browser/animations": {
      "src": "../../../../../node_modules/@angular/platform-browser/fesm2022/animations.mjs",
      "file": "@angular_platform-browser_animations.js",
      "fileHash": "b4301647",
      "needsInterop": false
    },
    "@angular/router": {
      "src": "../../../../../node_modules/@angular/router/fesm2022/router.mjs",
      "file": "@angular_router.js",
      "fileHash": "39b152c3",
      "needsInterop": false
    },
    "leaflet": {
      "src": "../../../../../node_modules/leaflet/dist/leaflet-src.js",
      "file": "leaflet.js",
      "fileHash": "db728501",
      "needsInterop": true
    },
    "rxjs": {
      "src": "../../../../../node_modules/rxjs/dist/esm5/index.js",
      "file": "rxjs.js",
      "fileHash": "a1aa7d07",
      "needsInterop": false
    },
    "ts-md5": {
      "src": "../../../../../node_modules/ts-md5/dist/esm/index.js",
      "file": "ts-md5.js",
      "fileHash": "e4bd9abb",
      "needsInterop": false
    }
  },
  "chunks": {
    "chunk-DGKGCZLJ": {
      "file": "chunk-DGKGCZLJ.js"
    },
    "chunk-TPPVEPJW": {
      "file": "chunk-TPPVEPJW.js"
    },
    "chunk-SQHIOTOJ": {
      "file": "chunk-SQHIOTOJ.js"
    },
    "chunk-VHPSLBLS": {
      "file": "chunk-VHPSLBLS.js"
    },
    "chunk-73RTHU3S": {
      "file": "chunk-73RTHU3S.js"
    },
    "chunk-2PXAILZF": {
      "file": "chunk-2PXAILZF.js"
    },
    "chunk-5UDWWNP5": {
      "file": "chunk-5UDWWNP5.js"
    },
    "chunk-3JSDNPUP": {
      "file": "chunk-3JSDNPUP.js"
    },
    "chunk-AFRS2OIU": {
      "file": "chunk-AFRS2OIU.js"
    },
    "chunk-OXCW2X5T": {
      "file": "chunk-OXCW2X5T.js"
    }
  }
}